Gene,Ct_Control,Ct_Treated,dCt,mean_dCt,ddCt,fold_change,High,Low,regulation
GRN,27.5,26.0,-1.5,-0.6800000000000004,-0.8199999999999996,1.7654059925813093,True,False,up
APP,23.1,21.8,-1.3000000000000007,-0.6800000000000004,-0.6200000000000003,1.5368751812880126,True,False,up
C9orf72,29.1,27.9,-1.2000000000000028,-0.6800000000000004,-0.5200000000000025,1.4339552480158297,True,False,up
MAPT,26.4,25.7,-0.6999999999999993,-0.6800000000000004,-0.019999999999998908,1.0139594797900284,False,False,up
SNCA,24.9,26.2,1.3000000000000007,-0.6800000000000004,1.980000000000001,0.2534898699475071,False,True,down
